accuracy,n_estimators,max_depth,max_feature,min_samples_split,min_samples_leaf,n_comp,dim_red,scaler
0.5981324083335106,327,22,23,21,8,12,ica,mx
0.5374752612202337,94,4,28,10,31,11,ica,rb
0.5713030154710477,418,7,15,6,12,4,pca,std
0.5666374412121471,19,21,21,4,18,16,ica,mx
0.5430124917537401,69,11,22,41,47,19,pca,pt
0.5441773956715116,311,30,19,49,48,17,ica,norm
0.5602183396820668,45,23,2,50,13,9,ica,norm
0.5844263795194825,378,8,30,29,6,6,ica,std
0.5205507437594433,193,3,27,50,38,19,pca,rb
0.5473848183694751,176,21,4,7,48,15,ica,rb
0.5438892553893299,274,19,29,48,31,20,pca,norm
0.5453491094039284,102,5,28,35,17,7,pca,std
0.58034304441276,307,29,29,41,6,20,pca,mx
0.5453465557234364,143,25,22,40,45,14,ica,rb
0.558761890574791,327,30,10,8,32,13,ica,mx
0.5368832329595028,87,6,27,13,49,17,ica,norm
0.5529263050371348,97,28,12,15,27,3,ica,norm
0.5844272307463131,446,30,16,16,13,3,pca,mx
0.584423400225575,394,30,10,20,12,14,pca,pt
0.5339690579047052,65,20,2,6,38,5,ica,norm
0.5713000361771403,220,26,15,29,20,2,ica,std
0.573926922176587,142,10,25,14,18,3,pca,mx
0.5293043348726352,269,4,24,8,27,14,pca,pt
0.5756753420867826,202,18,24,6,15,11,pca,mx
0.5753842225106937,224,14,20,2,16,9,pca,mx
0.5966704262518355,159,25,12,28,1,15,ica,std
0.5231789065991361,427,10,1,28,41,3,pca,mx
0.5683850098955119,425,13,2,43,12,9,ica,norm
0.5514690047030283,282,14,10,26,35,8,ica,std
0.5465135877082845,369,22,26,2,47,5,ica,mx
0.5575927305228661,400,21,7,40,28,10,ica,norm
0.6100849098763594,198,27,14,16,7,3,pca,std
0.5083058458002596,351,3,14,39,27,6,pca,pt
0.5727569108978315,483,14,13,45,1,13,pca,norm
0.5188099848907238,175,3,30,25,40,3,ica,std
0.5482624332318954,234,28,2,8,32,7,pca,std
0.5759639079823796,63,19,24,36,16,5,ica,std
0.5123883296801516,55,3,5,48,25,17,ica,norm
0.5847149454150795,436,22,11,18,15,3,ica,rb
0.5596369517567193,83,30,21,44,22,16,pca,rb
0.48176714690047023,375,4,1,42,47,10,ica,norm
0.546806409738035,209,11,2,4,43,5,pca,rb
0.5412602413228065,445,5,19,10,23,3,ica,norm
0.5103534719414357,16,3,25,39,12,13,ica,std
0.592883318082186,70,14,13,24,5,8,ica,rb
0.5441799493520036,490,30,15,37,47,14,ica,mx
0.5707165201847163,300,22,21,29,9,18,ica,pt
0.4753535783447894,262,2,3,25,5,6,pca,pt
0.5465127364814538,320,15,24,45,50,6,ica,std
0.566926007107744,286,26,9,4,18,5,pca,rb
0.5132680726096487,230,3,6,45,4,5,pca,norm
0.5538043455129705,294,5,29,40,10,8,pca,mx
0.5605094592581559,95,19,10,22,28,15,ica,std
0.5368866378668256,120,7,2,10,33,4,ica,norm
0.5386363346172671,39,4,27,9,33,17,pca,mx
0.5605107360984019,192,15,13,19,29,10,pca,mx
0.5806286310144495,145,27,11,3,12,11,pca,norm
0.5724649400949119,81,17,17,24,14,17,pca,norm
0.6039628865101827,346,17,22,2,7,11,pca,mx
0.5508859143240195,277,28,19,28,30,8,pca,rb
0.5707233299993615,11,10,18,27,4,5,ica,mx
0.5928790619480326,119,25,22,25,9,2,pca,std
0.5745095869421804,113,20,23,46,14,18,ica,mx
0.5584699197718712,95,19,20,25,22,11,pca,rb
0.5680955927730842,406,22,22,39,20,5,pca,mx
0.5272575599582898,95,29,23,7,31,19,ica,pt
0.5403877338213701,269,17,2,24,35,8,pca,pt
0.5447647421846737,324,21,28,4,50,10,ica,mx
0.5485535528079846,102,21,5,10,43,9,pca,pt
0.5637181587963653,397,29,26,16,16,3,pca,norm
0.5575957098167734,425,18,21,14,32,6,ica,std
0.5826775339958715,112,27,24,37,6,20,ica,std
0.5354335936668724,267,20,2,16,39,13,pca,norm
0.4954770062352366,149,2,16,24,21,16,ica,norm
0.5675107999404141,323,14,20,13,8,5,ica,pt
0.540092783724543,157,9,12,19,49,16,pca,rb
0.5161835245046924,442,15,9,49,43,2,ica,pt
0.5558404800919325,460,21,30,12,27,6,ica,norm
0.5488459492243196,67,11,30,14,27,19,pca,norm
0.6138771254069928,330,17,18,4,5,14,pca,pt
0.5444736226085846,37,19,11,17,36,14,pca,std
0.574218041752676,126,28,8,46,18,11,pca,mx
0.5470945500202166,152,14,18,37,48,19,ica,std
0.5698406077759571,494,10,5,46,12,8,pca,pt
0.5753816688302016,68,9,25,35,7,13,pca,pt
0.5809265604051841,361,11,7,33,16,12,ica,mx
0.6202919708029198,203,20,18,14,2,11,ica,rb
0.5240556702347258,208,5,2,18,36,4,pca,mx
0.5196837692324062,117,3,17,31,41,19,ica,std
0.5330999553105914,173,11,23,49,46,6,pca,norm
0.556134578961929,318,6,7,23,8,4,ica,norm
0.5718873826903025,45,30,21,4,19,5,pca,mx
0.5173492796492946,156,4,3,35,41,2,ica,rb
0.5456368240726948,391,5,28,44,22,15,pca,pt
0.5470941244068013,383,29,14,12,36,18,pca,rb
0.5430112149134941,15,14,9,22,38,8,pca,pt
0.5217228831052754,329,7,1,42,32,17,pca,norm
0.5713025898576324,456,18,30,20,21,14,ica,rb
0.5800493711561788,58,21,24,10,12,15,pca,std
0.5756740652465366,221,28,1,41,4,14,ica,mx
0.5176331637973228,293,25,18,44,29,12,ica,pt
0.5485535528079846,253,14,15,16,43,7,pca,mx
0.547969611202145,348,25,23,18,40,12,ica,mx
0.5450554361473474,421,8,4,7,49,20,ica,rb
0.5473895001170436,195,12,25,45,47,15,ica,mx
0.4861471345576812,367,2,7,26,34,19,pca,norm
0.5549675469770807,154,12,22,33,26,4,pca,pt
0.5593437041135537,353,30,26,50,31,9,ica,std
0.5505943691345152,217,23,24,38,26,6,pca,norm
0.5555536166499968,187,5,14,3,4,20,ica,std
0.5549688238173267,366,20,12,6,31,6,pca,std
0.5546798323083144,182,5,12,35,13,10,pca,mx
0.5558438849992552,44,12,4,28,27,10,ica,mx
0.5602191909088975,483,8,29,17,14,17,pca,norm
0.5864642165521057,120,22,6,32,4,8,pca,std
0.5331008065374221,263,5,17,22,32,15,pca,norm
0.5520550743759444,371,24,29,49,22,15,pca,norm
0.5400970398586964,313,4,25,39,8,8,ica,mx
0.527555063735609,32,4,24,9,35,14,ica,norm
0.5823796046051373,450,18,29,38,2,11,pca,norm
0.5485527015811538,166,22,25,16,38,12,ica,norm
0.5500117043689217,359,18,24,29,30,15,pca,rb
0.5371790342831606,14,5,4,37,41,9,ica,rb
0.5485527015811538,265,24,24,37,35,2,pca,pt
0.5715958375007981,483,24,8,19,22,14,ica,std
0.5584699197718713,472,14,29,9,19,6,pca,norm
0.5695507650401141,179,24,27,37,22,17,pca,std
0.5573024621736078,165,21,17,9,23,2,pca,rb
0.5870498606116065,138,17,25,4,14,12,ica,rb
0.5476789172394714,14,11,5,19,33,18,pca,pt
0.472143601966334,112,1,14,17,32,3,ica,std
0.5608031325147369,121,20,20,12,28,19,ica,std
0.5438918090698219,318,11,18,18,46,9,pca,std
0.5733425549573322,206,26,29,20,15,12,pca,pt
0.5441765444446809,105,24,14,29,49,19,pca,pt
0.5995888574407864,441,23,10,9,8,14,pca,pt
0.5403864569811241,497,13,10,28,49,17,pca,pt
0.5412610925496371,75,18,27,49,46,11,ica,norm
0.5164729416271202,241,4,3,5,41,17,ica,rb
0.629629503521951,110,22,10,9,1,9,pca,pt
0.5508863399374349,225,23,12,5,26,16,pca,norm
0.5418488646762146,41,6,9,4,40,19,pca,std
0.49780851652444086,294,4,21,42,1,20,ica,pt
0.581218956821519,51,12,28,6,13,9,pca,pt
0.5885054584920517,278,23,20,25,9,11,ica,mx
0.5704228469281352,408,26,11,27,17,17,pca,pt
0.5360200889532039,450,10,2,12,41,15,pca,norm
0.5494281883764977,304,20,11,37,42,9,pca,mx
0.5368900427741482,169,16,11,14,49,19,ica,std
0.583258921921219,198,10,7,9,11,9,pca,std
0.5336834713030155,402,6,19,44,33,6,pca,norm
0.5488463748377348,51,20,30,48,33,13,pca,std
0.5791760124279117,252,8,10,30,3,4,ica,std
0.5520525206954523,181,19,30,30,40,18,pca,mx
0.5237641250452214,442,26,26,43,35,6,ica,pt
0.5567202230214295,252,23,13,17,25,3,ica,norm
0.5885058841054671,294,27,2,28,10,9,ica,mx
0.5500142580494137,290,20,5,26,41,8,pca,std
0.5482620076184801,145,22,2,18,32,5,pca,std
0.4823481092124024,398,3,9,44,49,19,ica,pt
0.5339673554510439,183,10,3,42,5,3,ica,pt
0.5535128003234662,231,12,29,46,32,12,pca,std
0.5564312315124174,153,9,3,6,34,11,pca,mx
0.5599259432657318,203,23,5,42,28,13,pca,mx
0.44327254155050966,249,1,12,6,47,16,pca,rb
0.5418488646762146,376,30,2,18,46,4,pca,mx
0.5240565214615565,410,6,23,24,7,7,ica,pt
0.5447621885041816,109,26,27,44,45,20,ica,std
0.5826762571556255,210,8,23,17,6,6,pca,mx
0.5500104275286757,461,17,12,27,40,11,ica,std
0.5158915537017726,408,4,2,9,8,7,pca,mx
0.5850039369240918,444,10,30,28,3,11,pca,norm
0.5351424740907833,257,15,4,47,45,6,pca,norm
0.5564299546721713,453,8,20,12,29,13,ica,mx
0.5071456236300569,295,28,14,32,41,5,ica,pt
0.5430129173671554,393,13,13,10,44,20,ica,rb
0.5164746440807815,122,14,14,15,34,13,ica,pt
0.5570109169841033,236,6,24,34,22,10,ica,std
0.5395156519333489,261,25,16,3,33,5,pca,norm
0.5616764912430039,482,24,3,26,25,7,pca,rb
0.5587601881211295,318,22,18,46,30,8,ica,std
0.5240569470749717,177,3,12,41,27,14,ica,rb
0.5625519780383478,346,13,21,31,34,17,ica,rb
0.5538009406056479,466,17,20,27,30,4,pca,pt
0.5188070055968164,350,3,8,31,37,8,ica,std
0.5435926028388416,248,17,21,11,38,17,pca,rb
0.5360166840458811,403,12,16,14,41,6,pca,norm
0.6089191547317572,185,14,20,15,6,19,ica,rb
0.5470962524738779,255,10,20,7,27,2,pca,norm
0.5698410333893724,253,27,6,14,21,12,ica,norm
0.5211385158860207,65,16,1,46,21,11,ica,pt
0.5503045263986721,188,8,2,5,23,13,ica,rb
0.5911357493988211,293,17,10,26,10,11,ica,norm
0.6310821221084888,300,21,6,4,5,20,ica,mx
0.5444744738354153,116,6,29,46,38,6,pca,std
0.5395152263199336,215,4,6,43,19,17,ica,rb
0.5441799493520036,46,23,28,14,38,12,ica,std
0.540091506884297,415,18,7,46,49,6,pca,rb
0.47477091357919604,200,1,23,13,5,15,ica,std
0.5905484028856589,31,22,9,17,4,12,ica,mx
0.5605103104849865,383,11,12,34,23,17,pca,rb
0.5721772254261455,376,7,10,38,19,10,ica,rb
0.5336800663956927,366,28,1,50,38,6,ica,std
0.5768402460045541,493,13,15,17,17,11,ica,norm
0.5371811623502373,33,30,28,48,47,6,pca,norm
0.44327254155050966,163,1,10,36,5,18,ica,norm
0.5771300887403971,77,19,8,37,10,2,pca,rb
0.593175714498521,78,13,4,30,8,11,ica,rb
0.5459292204890298,375,19,28,12,45,2,ica,norm
0.5348496520610329,146,5,3,47,45,13,pca,std
0.5759622055287184,402,25,25,45,1,15,pca,pt
0.5581779489689515,326,25,30,48,28,11,ica,rb
0.4817726798748696,430,2,27,30,5,12,pca,norm
0.5538047711263859,60,16,8,49,33,12,ica,rb
0.515311017003256,432,3,12,37,49,17,pca,std
0.5599250920389011,500,17,28,22,24,14,pca,std
0.5657589751228959,25,9,20,47,6,14,pca,std
0.542720095337405,268,16,2,35,42,18,ica,rb
0.4496873869464365,394,2,1,14,36,19,ica,mx
0.5678023451299186,253,15,9,4,22,4,ica,std
0.5995888574407865,442,11,14,25,3,4,ica,std
0.5759681641165331,20,10,24,35,4,4,pca,pt
0.5823825838990444,269,7,24,7,1,11,pca,std
0.5780077036028176,497,22,25,22,15,2,pca,std
0.5333910748866805,379,4,29,33,1,12,ica,rb
0.5733421293439169,419,26,9,30,20,13,pca,mx
0.580635440829095,365,9,17,10,12,12,pca,mx
0.5473895001170437,431,12,13,39,49,6,pca,mx
0.5663420655019046,77,20,30,24,21,8,ica,mx
0.5470954012470474,225,28,3,7,50,20,pca,rb
0.5491353663467472,291,16,7,37,37,5,pca,rb
0.5453474069502671,410,9,1,15,18,8,pca,norm
0.44327254155050966,313,1,20,16,17,12,pca,norm
0.6299159413504714,289,26,21,8,4,3,pca,pt
0.5164674086527208,66,28,22,13,35,12,ica,pt
0.5202579217296929,304,29,23,31,30,6,ica,pt
0.5855887297567619,98,21,8,23,13,16,ica,std
0.5602204677491435,416,16,26,45,30,19,ica,mx
0.5021812687535911,124,2,27,25,4,14,ica,rb
0.5587610393479603,442,13,11,38,31,16,pca,mx
0.5351403460237066,13,16,3,10,44,19,pca,pt
0.550015960503075,135,13,8,2,39,4,ica,rb
0.5823804558319677,142,19,19,38,10,13,ica,rb
0.6199991487731692,300,21,6,4,5,20,ica,mx
0.6299159413504714,289,26,21,8,4,3,pca,pt
0.629629503521951,110,22,10,9,1,9,pca,pt
0.6313762209784852,203,20,18,14,2,11,ica,rb
0.6138771254069928,330,17,18,4,5,14,pca,pt
0.6100849098763594,198,27,14,16,7,3,pca,std
0.6019207933434062,185,14,20,15,6,19,ica,rb
0.6039628865101827,346,17,22,2,7,11,pca,mx
0.5899682918005575,442,11,14,25,3,4,ica,std
0.5995888574407864,441,23,10,9,8,14,pca,pt
0.6036738950011704,327,22,23,21,8,12,ica,mx
0.6036700644804325,159,25,12,28,1,15,ica,std
0.5882156157562087,78,13,4,30,8,11,ica,rb
0.5949232831818859,70,14,13,24,5,8,ica,rb
0.5928790619480326,119,25,22,25,9,2,pca,std
0.5858824030133429,293,17,10,26,10,11,ica,norm
0.5917120299631844,31,22,9,17,4,12,ica,mx
0.5858807005596817,294,27,2,28,10,9,ica,mx
0.5955038198804027,278,23,20,25,9,11,ica,mx
0.583547487816816,138,17,25,4,14,12,ica,rb
0.5864642165521057,120,22,6,32,4,8,pca,std
0.5861688408418633,98,21,8,23,13,16,ica,std
0.5850039369240918,444,10,30,28,3,11,pca,norm
0.582965248664638,436,22,11,18,15,3,ica,rb
0.5844272307463131,446,30,16,16,13,3,pca,mx
0.5809274116320147,378,8,30,29,6,6,ica,std
0.584423400225575,394,30,10,20,12,14,pca,pt
0.583258921921219,198,10,7,9,11,9,pca,std
0.5855900065970079,112,27,24,37,6,20,ica,std
0.5826762571556255,210,8,23,17,6,6,pca,mx
0.5823825838990444,269,7,24,7,1,11,pca,std
0.5771351961013811,142,19,19,38,10,13,ica,rb
0.5823796046051373,450,18,29,38,2,11,pca,norm
0.581218956821519,51,12,28,6,13,9,pca,pt
0.5815096507841927,361,11,7,33,16,12,ica,mx
0.580635440829095,365,9,17,10,12,12,pca,mx
0.5806286310144495,145,27,11,3,12,11,pca,norm
0.58034304441276,307,29,29,41,6,20,pca,mx
0.5800493711561788,58,21,24,10,12,15,pca,std
0.5803421931859292,252,8,10,30,3,4,ica,std
0.5780077036028176,497,22,25,22,15,2,pca,std
0.5771300887403971,77,19,8,37,10,2,pca,rb
0.5739252197229258,493,13,15,17,17,11,ica,norm
0.5759681641165331,20,10,24,35,4,4,pca,pt
0.5747990040646082,63,19,24,36,16,5,ica,std
0.5759622055287184,402,25,25,45,1,15,pca,pt
0.5756753420867826,202,18,24,6,15,11,pca,mx
0.5733429805707476,221,28,1,41,4,14,ica,mx
0.5753842225106937,224,14,20,2,16,9,pca,mx
0.5753816688302016,68,9,25,35,7,13,pca,pt
0.5791747355876657,113,20,23,46,14,18,ica,mx
0.574218041752676,126,28,8,46,18,11,pca,mx
0.573926922176587,142,10,25,14,18,3,pca,mx
0.5733425549573322,206,26,29,20,15,12,pca,pt
0.5733421293439169,419,26,9,30,20,13,pca,mx
0.5727569108978315,483,14,13,45,1,13,pca,norm
0.5724649400949119,81,17,17,24,14,17,pca,norm
0.5619705901130004,376,7,10,38,19,10,ica,rb
0.5718873826903025,45,30,21,4,19,5,pca,mx
0.5648885956885361,483,24,8,19,22,14,ica,std
0.5713030154710477,418,7,15,6,12,4,pca,std
0.5675112255538295,456,18,30,20,21,14,ica,rb
0.5745104381690112,220,26,15,29,20,2,ica,std
0.5660526483794769,11,10,18,27,4,5,ica,mx
0.5500053201676917,300,22,21,29,9,18,ica,pt
0.5704228469281352,408,26,11,27,17,17,pca,pt
0.5613870741205763,253,27,6,14,21,12,ica,norm
0.5698406077759571,494,10,5,46,12,8,pca,pt
0.5695507650401141,179,24,27,37,22,17,pca,std
0.5675125023940755,425,13,2,43,12,9,ica,norm
0.5680955927730842,406,22,22,39,20,5,pca,mx
0.5701372603264454,253,15,9,4,22,4,ica,std
0.5745070332616884,323,14,20,13,8,5,ica,pt
0.566926007107744,286,26,9,4,18,5,pca,rb
0.5724700474558959,19,21,21,4,18,16,ica,mx
0.5704266774488732,77,20,30,24,21,8,ica,mx
0.5657589751228959,25,9,20,47,6,14,pca,std
0.5637181587963653,397,29,26,16,16,3,pca,norm
0.5517605498925325,346,13,21,31,34,17,ica,rb
0.5616764912430039,482,24,3,26,25,7,pca,rb
0.5619697388861697,121,20,20,12,28,19,ica,std
0.626421229597157,203,20,18,14,2,11,ica,rb
0.6299159413504714,289,26,21,8,4,3,pca,pt
0.629629503521951,110,22,10,9,1,9,pca,pt
0.6214641101487518,300,21,6,4,5,20,ica,mx
0.6138771254069928,330,17,18,4,5,14,pca,pt
0.6100849098763594,198,27,14,16,7,3,pca,std
0.6039628865101827,346,17,22,2,7,11,pca,mx
0.5966751079994042,327,22,23,21,8,12,ica,mx
0.6036738950011704,159,25,12,28,1,15,ica,std
0.6094996914302738,185,14,20,15,6,19,ica,rb
0.5995888574407864,441,23,10,9,8,14,pca,pt
0.5984196973888617,278,23,20,25,9,11,ica,mx
0.6004634930092997,70,14,13,24,5,8,ica,rb
0.5928790619480326,119,25,22,25,9,2,pca,std
0.6022144665999873,31,22,9,17,4,12,ica,mx
0.5952139771445596,442,11,14,25,3,4,ica,std
0.595215679598221,78,13,4,30,8,11,ica,rb
0.5864642165521057,120,22,6,32,4,8,pca,std
0.5852976101806728,98,21,8,23,13,16,ica,std
0.5867570385818561,293,17,10,26,10,11,ica,norm
0.5917111787363538,294,27,2,28,10,9,ica,mx
0.581216403141027,112,27,24,37,6,20,ica,std
0.5850039369240918,444,10,30,28,3,11,pca,norm
0.5844272307463131,446,30,16,16,13,3,pca,mx
0.584423400225575,394,30,10,20,12,14,pca,pt
0.5908395224617481,138,17,25,4,14,12,ica,rb
0.583258921921219,198,10,7,9,11,9,pca,std
0.6299159413504714,289,26,21,8,4,3,pca,pt
0.629629503521951,110,22,10,9,1,9,pca,pt
0.6237930667574643,203,20,18,14,2,11,ica,rb
0.626708518652508,300,21,6,4,5,20,ica,mx
0.6138771254069928,330,17,18,4,5,14,pca,pt
0.6100849098763594,198,27,14,16,7,3,pca,std
0.6103773062926943,185,14,20,15,6,19,ica,rb
0.6039628865101827,346,17,22,2,7,11,pca,mx
0.6019216445702369,159,25,12,28,1,15,ica,std
0.6299159413504714,289,26,21,8,4,3,pca,pt
0.629629503521951,110,22,10,9,1,9,pca,pt
0.6325419761230875,300,21,6,4,5,20,ica,mx
0.6232108276052861,300,21,6,4,5,20,ica,mx
0.5263859036836841,454,3,22,25,1,8,ica,rb
0.5325177161584133,18,16,27,16,48,20,pca,norm
0.5622604328488434,164,17,11,6,26,18,ica,norm
0.55380349428614,184,6,20,42,27,5,ica,std
0.5447621885041816,284,22,7,10,40,16,ica,norm
0.5386410163648359,228,8,25,28,33,4,pca,norm
0.5584677917047945,201,6,18,30,1,14,ica,norm
0.5403868825945393,65,5,3,9,10,19,pca,rb
0.5520520950820369,182,10,12,28,40,7,pca,mx
0.5511778851269392,234,12,12,33,26,5,pca,norm
0.5269702709029389,139,13,8,46,24,5,ica,pt
0.5634287416739375,26,8,26,38,8,18,pca,rb
0.5374765380604796,10,4,22,4,7,15,ica,rb
0.6027979825924114,177,20,14,2,7,13,pca,mx
0.5406775765572132,17,19,23,15,35,20,pca,rb
0.562553680492009,211,15,14,43,20,18,ica,norm
0.5508863399374349,172,30,7,45,44,5,ica,mx
0.5520525206954523,115,28,24,22,35,20,ica,rb
0.513849460534996,208,6,7,36,36,17,ica,pt
0.5482603051648189,254,11,15,32,44,11,ica,norm
0.5683858611223427,122,30,24,2,22,7,ica,rb
0.5540950394756443,38,6,17,30,27,8,pca,mx
0.5949220063416398,17,21,24,17,1,14,ica,norm
0.5328037283735184,249,5,5,44,41,2,ica,norm
0.5433031857164138,133,26,2,5,32,14,ica,norm
0.595504245493818,389,21,14,14,10,8,pca,std
0.5669217509735907,467,13,5,23,3,19,ica,pt
0.5602183396820667,322,18,5,49,19,4,pca,pt
0.5505939435210998,309,26,18,26,37,5,pca,pt
0.5616773424698346,375,15,16,28,28,7,ica,rb
0.5678010682896725,467,23,3,48,7,16,pca,std
0.5748015577451001,475,15,22,44,11,15,ica,std
0.5587593368942989,235,20,16,32,23,14,ica,norm
0.5433019088761678,313,13,18,49,44,9,ica,norm
0.5348500776744484,141,15,24,48,36,13,pca,norm
0.590839522461748,317,16,10,33,5,20,ica,std
0.5389261773531102,482,4,14,42,21,16,pca,mx
0.5637185844097806,221,11,14,4,26,2,ica,rb
0.5354327424400417,329,12,21,43,46,2,pca,norm
0.5573003341065311,423,7,20,20,23,8,ica,norm
0.5479704624289757,423,20,23,27,45,18,pca,mx
0.55496669575025,489,7,21,47,12,13,pca,rb
0.5532191270668851,419,13,8,46,21,12,pca,norm
0.5500104275286757,145,16,15,22,38,13,ica,rb
0.6045468281160222,250,19,12,16,6,19,pca,pt
0.5564269753782639,96,21,7,14,28,8,pca,std
0.5838424379136431,329,29,7,42,8,12,ica,mx
0.5473886488902131,375,18,8,42,26,3,pca,norm
0.5497201591794173,51,11,27,38,44,20,pca,mx
0.5269711221297695,231,7,30,14,22,9,ica,pt
0.5526364623012917,377,28,13,32,37,13,pca,mx
0.5293047604860506,25,20,26,49,23,19,ica,pt
0.5485544040348151,327,29,3,18,44,3,ica,std
0.5503032495584261,213,14,15,35,42,8,pca,mx
0.5715937094337213,266,13,29,38,23,3,ica,rb
0.542426422080824,115,5,16,41,45,6,ica,rb
0.5672222340448171,465,9,19,48,14,9,ica,norm
0.5456363984592795,336,29,10,26,45,10,ica,norm
0.5412661999106212,113,14,2,18,41,11,pca,mx
0.5575944329765274,435,24,18,24,32,16,ica,rb
0.5785907939818263,324,15,18,33,17,8,ica,mx
0.5468021536038816,292,8,18,40,30,8,pca,rb
0.5844229746121598,391,27,11,42,2,20,ica,rb
0.5791781404949884,416,15,11,4,16,16,ica,rb
0.5412679023642826,440,19,23,5,48,16,pca,std
0.5485535528079846,56,22,16,14,33,18,pca,std
0.567218403524079,108,15,12,11,23,15,pca,mx
0.5584682173182098,233,12,26,20,27,6,ica,norm
0.5150118107722754,77,15,28,31,38,14,ica,pt
0.5255155242493244,77,30,1,43,39,15,ica,mx
0.5345576812581132,21,16,25,7,36,14,pca,norm
0.5532165733863932,381,17,1,27,21,11,ica,std
0.5310582877572301,23,16,22,23,44,8,pca,norm
0.610954012470473,83,28,11,15,5,19,ica,std
0.5322227660615862,281,4,5,9,28,5,pca,pt
0.5713004617905557,465,11,17,38,10,11,pca,rb
0.5173454491285565,351,17,23,7,43,17,ica,pt
0.5018846162031027,79,5,26,16,34,20,ica,pt
0.44327254155050966,28,1,23,21,12,16,pca,norm
0.5806307590815263,327,18,19,27,10,2,pca,rb
0.5462237449724415,282,21,11,7,42,6,pca,std
0.5605115873252325,87,12,22,19,23,19,pca,rb
0.5479730161094677,447,6,28,49,32,7,ica,std
0.5468034304441276,249,17,24,4,36,20,ica,norm
0.5374739843799876,204,6,12,46,22,7,pca,norm
0.5237666787257135,252,24,1,46,39,18,pca,norm
0.587923644953289,26,12,26,3,6,11,pca,norm
0.5564261241514333,99,13,16,49,35,11,ica,std
0.5625511268115171,355,22,14,12,20,6,pca,rb
0.5605094592581558,74,23,20,44,24,2,pca,std
0.5523449171117873,162,22,6,42,38,13,pca,mx
0.5928833180821859,421,26,19,26,7,14,pca,mx
0.5427235002447277,32,30,12,20,50,16,pca,std
0.5672175522972485,72,13,30,8,27,5,ica,mx
0.5220152795216105,465,17,24,38,44,19,ica,pt
0.5540933370219829,285,27,23,45,26,11,pca,rb
0.578300525632568,83,25,18,44,5,18,ica,std
0.5132625396352493,499,3,8,46,7,17,pca,pt
0.6124211019131323,83,28,11,15,5,19,ica,std
0.6045468281160222,250,19,12,16,6,19,pca,pt
0.6027979825924114,177,20,14,2,7,13,pca,mx
0.595504245493818,389,21,14,14,10,8,pca,std
0.5902555808559086,17,21,24,17,1,14,ica,norm
0.5928833180821859,421,26,19,26,7,14,pca,mx
0.5908412249154094,317,16,10,33,5,20,ica,std
0.587923644953289,26,12,26,3,6,11,pca,norm
0.5826732778617182,391,27,11,42,2,20,ica,rb
0.5771330680343045,329,29,7,42,8,12,ica,mx
0.5806307590815263,327,18,19,27,10,2,pca,rb
0.5844212721584985,416,15,11,4,16,16,ica,rb
0.5774263156774702,324,15,18,33,17,8,ica,mx
0.5847174990955715,83,25,18,44,5,18,ica,std
0.5768432252984614,475,15,22,44,11,15,ica,std
0.5692600710774404,266,13,29,38,23,3,ica,rb
0.5713004617905557,465,11,17,38,10,11,pca,rb
0.5730539890617352,122,30,24,2,22,7,ica,rb
0.5678010682896725,467,23,3,48,7,16,pca,std
0.5683858611223427,465,9,19,48,14,9,ica,norm
0.567218403524079,108,15,12,11,23,15,pca,mx
0.5643042284692814,72,13,30,8,27,5,ica,mx
0.5742103807112,467,13,5,23,3,19,ica,pt
0.5608052605818135,221,11,14,4,26,2,ica,rb
0.5634287416739375,26,8,26,38,8,18,pca,rb
0.5672171266838331,211,15,14,43,20,18,ica,norm
0.5625511268115171,355,22,14,12,20,6,pca,rb
0.5590538613777106,164,17,11,6,26,18,ica,norm
0.5578829988721244,375,15,16,28,28,7,ica,rb
0.5605115873252325,87,12,22,19,23,19,pca,rb
0.5605094592581558,74,23,20,44,24,2,pca,std
0.5602183396820667,322,18,5,49,19,4,pca,pt
0.6162090613096124,83,28,11,15,5,19,ica,std
0.6045468281160222,250,19,12,16,6,19,pca,pt
0.6027979825924114,177,20,14,2,7,13,pca,mx
0.595504245493818,389,21,14,14,10,8,pca,std
0.5928833180821859,421,26,19,26,7,14,pca,mx
0.5841275989019173,317,16,10,33,5,20,ica,std
0.6060075333574515,17,21,24,17,1,14,ica,norm
0.587923644953289,26,12,26,3,6,11,pca,norm
0.573925645336341,83,25,18,44,5,18,ica,std
0.579175161201081,416,15,11,4,16,16,ica,rb
0.6132923325743227,83,28,11,15,5,19,ica,std
0.6016322274478091,17,21,24,17,1,14,ica,norm
0.6045468281160222,250,19,12,16,6,19,pca,pt
0.6162099125364431,83,28,11,15,5,19,ica,std
0.574218041752676,115,13,25,5,15,16,pca,rb
0.6240833351067226,218,29,13,3,4,2,ica,std
0.5663446191823966,39,26,12,18,26,15,ica,mx
0.5497252665404013,172,24,4,33,42,2,ica,mx
0.5485492966738312,54,29,18,9,36,18,pca,pt
0.5785899427549956,317,19,27,15,13,4,pca,rb
0.542716264816667,196,28,18,40,48,5,ica,norm
0.5319354770062352,432,5,13,26,50,6,pca,norm
0.5567193717945991,493,28,18,26,25,5,pca,rb
0.5231827371198741,54,14,26,10,29,9,ica,pt
0.5753854993509395,337,13,26,21,16,15,ica,mx
0.5876325253771999,245,11,17,28,10,20,pca,std
0.5730505841544126,478,7,26,26,13,10,ica,mx
0.5724726011363878,413,30,11,46,13,13,ica,std
0.5663395118214127,48,27,23,22,21,10,ica,rb
0.5173492796492946,354,24,19,49,50,19,ica,pt
0.5520478389478836,387,12,21,34,6,11,ica,pt
0.5812147006873657,209,28,12,6,15,20,ica,rb
0.5424319550552233,472,21,2,21,44,17,ica,mx
0.5476776403992254,194,12,13,14,46,12,ica,mx
0.5540912089549063,146,23,13,50,33,16,pca,mx
0.5153016535081185,84,15,26,26,28,19,ica,pt
0.5333876699793577,300,28,2,11,41,18,ica,norm
0.5864603860313677,411,20,15,35,5,2,pca,std
0.5383494711753315,130,19,6,27,33,8,pca,norm
0.5570083633036114,106,14,23,27,28,10,ica,norm
0.6109603966717031,256,25,25,15,3,14,pca,rb
0.5476801940797174,281,20,3,40,40,19,ica,rb
0.4832274265284842,114,4,1,47,1,18,ica,rb
0.5514694303164436,353,15,23,19,39,19,pca,mx
0.5269719733566002,453,18,25,11,41,9,ica,pt
0.5765469983613883,166,12,9,47,1,7,pca,pt
0.564886042008044,143,22,13,35,24,4,pca,mx
0.5462190632248729,135,15,18,26,19,10,ica,pt
0.5505913898406077,126,6,27,5,13,13,ica,norm
0.5567206486348449,178,17,11,5,33,10,ica,std
0.5001408780404758,454,2,11,42,4,10,ica,norm
0.559928922559639,72,6,24,11,20,19,pca,mx
0.5564274009916792,388,12,20,27,35,17,ica,mx
0.5695494881998681,24,10,26,44,5,14,pca,mx
0.5123942882679663,349,3,21,21,12,18,pca,norm
0.630207912153391,218,29,13,3,4,2,ica,std
0.6109603966717031,256,25,25,15,3,14,pca,rb
0.5876325253771999,245,11,17,28,10,20,pca,std
0.5864603860313677,411,20,15,35,5,2,pca,std
0.5791747355876657,209,28,12,6,15,20,ica,rb
0.5785899427549956,317,19,27,15,13,4,pca,rb
0.5765469983613883,166,12,9,47,1,7,pca,pt
0.5791730331340044,337,13,26,21,16,15,ica,mx
0.574218041752676,115,13,25,5,15,16,pca,rb
0.5724713242961418,478,7,26,26,13,10,ica,mx
0.5707212019322849,413,30,11,46,13,13,ica,std
0.5695494881998681,24,10,26,44,5,14,pca,mx
0.561095528931072,39,26,12,18,26,15,ica,mx
0.6182524313166351,218,29,13,3,4,2,ica,std
0.6109603966717031,256,25,25,15,3,14,pca,rb
0.5876325253771999,245,11,17,28,10,20,pca,std
0.5864603860313677,411,20,15,35,5,2,pca,std
0.629629503521951,218,29,13,3,4,2,ica,std
0.5724683450022344,59,18,3,20,14,10,pca,pt
0.5395109701857803,94,24,15,43,48,15,pca,rb
0.5202647315443383,400,21,1,16,41,10,pca,norm
0.5304700900172372,396,4,12,8,45,13,pca,pt
0.484685152476006,182,2,25,16,49,12,pca,std
0.5080130237705093,127,6,10,40,31,3,ica,pt
0.5529275818773808,241,25,24,7,30,16,pca,pt
0.5532191270668851,413,12,2,16,22,9,pca,pt
0.5683837330552659,440,25,15,36,22,8,ica,rb
0.5196765338043455,324,30,28,17,37,10,ica,pt
0.5777157327998979,373,12,24,31,13,16,pca,std
0.5663446191823966,488,13,14,42,24,9,ica,rb
0.5208473963099316,467,26,19,14,30,12,ica,pt
0.559633972462812,242,8,13,48,1,13,pca,rb
0.4878959800812922,466,2,29,33,21,9,pca,pt
0.5473869464365517,227,6,15,20,8,6,ica,norm
0.5540929114085676,481,24,11,46,29,3,pca,pt
0.5549692494307421,443,24,26,7,28,13,pca,rb
0.5777157327998979,373,12,24,31,13,16,pca,std
0.5724683450022344,59,18,3,20,14,10,pca,pt
0.5669255814943287,440,25,15,36,22,8,ica,rb
0.564010129599285,488,13,14,42,24,9,ica,rb
0.559633972462812,242,8,13,48,1,13,pca,rb
0.5549692494307421,443,24,26,7,28,13,pca,rb
0.5777157327998979,373,12,24,31,13,16,pca,std
0.5724683450022344,59,18,3,20,14,10,pca,pt
0.5715915813666447,97,20,22,37,14,7,pca,std
0.5535119490966356,448,15,14,49,19,16,pca,norm
0.5465118852546232,433,19,7,26,36,17,ica,norm
0.543008661233002,202,25,9,37,46,19,pca,rb
0.5456351216190335,285,6,19,46,27,8,pca,pt
0.5858853823072503,81,24,21,26,12,7,pca,mx
0.5523389585239726,147,27,15,40,3,7,ica,pt
0.5462216169053649,426,29,16,43,47,2,pca,mx
0.5718861058500564,485,23,1,28,8,12,pca,std
0.5858853823072503,81,24,21,26,12,7,pca,mx
0.5718861058500564,485,23,1,28,8,12,pca,std
0.5715915813666447,97,20,22,37,14,7,pca,std
0.554389563959056,112,9,5,34,31,19,ica,std
0.5438892553893299,68,8,16,28,45,17,ica,mx
0.5648860420080442,69,20,10,40,21,12,ica,norm
0.5322202123810943,429,16,28,48,22,2,ica,pt
0.5126811517099019,308,2,18,43,34,19,ica,std
0.5508863399374349,61,6,29,35,18,12,pca,rb
